■ '왕과 사는 남자' 일자별 통계정보,,,,,,,,,,,,,,
- 조회일: 2026-09-07,,,,,,,,,,,,,,
- 출처: 영화진흥위원회 통합전산망 (http://www.kobis.or.kr),,,,,,,,,,,,,,
날짜,스크린수,스크린점유율,상영횟수,상영점유율,좌석수,좌석점유율,좌석판매율,매출액,매출액증감(전일대비),관객수,관객수증감(전일대비),누적매출액,누적관객수,순위
2026.1.19,2,0.0%,2,0.0%,349,0.0%,100.0%,"3,141,000",3141000 ( 100.0% ),349,349 ( 100.0% ),"3,141,000",349,18
2026.1.20,1,0.0%,1,0.0%,124,0.0%,100.0%,"1,116,000",-2025000 ( -64.5% ),124,-225 ( -64.5% ),"4,257,000",473,44
2026.1.21,10,0.1%,11,0.1%,"2,420",0.1%,100.0%,"24,048,000",22932000 ( 2054.8% ),"2,420",2296 ( 1851.6% ),"28,305,000","2,893",13
2026.1.22,9,0.1%,9,0.1%,"1,473",0.1%,97.2%,"12,888,000",-11160000 ( -46.4% ),"1,432",-988 ( -40.8% ),"41,193,000","4,325",16
2026.1.23,4,0.1%,4,0.0%,671,0.0%,92.5%,"5,589,000",-7299000 ( -56.6% ),621,-811 ( -56.6% ),"46,782,000","4,946",19
2026.1.24,16,0.2%,21,0.1%,"4,650",0.2%,97.6%,"56,374,470",50785470 ( 908.7% ),"4,540",3919 ( 631.1% ),"103,156,470","9,486",12
2026.1.25,3,0.0%,3,0.0%,259,0.0%,100.0%,"2,331,000",-54043470 ( -95.9% ),259,-4281 ( -94.3% ),"105,487,470","9,745",31
2026.1.26,2,0.0%,2,0.0%,291,0.0%,92.8%,"2,430,000",99000 ( 4.2% ),270,11 ( 4.2% ),"107,917,470","10,015",24
2026.1.27,29,0.4%,29,0.2%,"6,263",0.4%,94.9%,"53,615,000",51185000 ( 2106.4% ),"5,943",5673 ( 2101.1% ),"161,532,470","15,958",5
2026.1.28,6,0.1%,6,0.0%,"1,113",0.1%,90.7%,"9,081,000",-44534000 ( -83.1% ),"1,009",-4934 ( -83.0% ),"170,613,470","16,967",20
2026.1.29,15,0.2%,15,0.1%,"2,579",0.1%,96.0%,"23,787,000",14706000 ( 161.9% ),"2,475",1466 ( 145.3% ),"194,400,470","19,442",14
2026.1.30,21,0.3%,22,0.1%,"3,528",0.2%,91.3%,"28,980,000",5193000 ( 21.8% ),"3,220",745 ( 30.1% ),"223,380,470","22,662",11
2026.1.31,14,0.2%,14,0.1%,"2,951",0.1%,92.7%,"26,476,000",-2504000 ( -8.6% ),"2,737",-483 ( -15.0% ),"249,856,470","25,399",15
2026.2.1,4,0.0%,4,0.0%,906,0.0%,100.0%,"8,154,000",-18322000 ( -69.2% ),906,-1831 ( -66.9% ),"258,010,470","26,305",24
2026.2.2,5,0.1%,5,0.0%,840,0.0%,100.0%,"7,560,000",-594000 ( -7.3% ),840,-66 ( -7.3% ),"265,570,470","27,145",16
2026.2.3,16,0.2%,16,0.1%,"2,883",0.2%,90.5%,"23,711,000",16151000 ( 213.6% ),"2,610",1770 ( 210.7% ),"289,281,470","29,755",11
2026.2.4,"1,658",25.5%,"6,932",46.2%,"1,016,912",51.1%,11.6%,"1,076,238,210",1052527210 ( 4439.0% ),"117,783",115173 ( 4412.8% ),"1,365,519,680","147,538",1
2026.2.5,"1,612",24.1%,"6,723",44.9%,"990,702",50.0%,9.3%,"831,148,510",-245089700 ( -22.8% ),"91,731",-26052 ( -22.1% ),"2,196,668,190","239,269",1
2026.2.6,"1,653",24.1%,"7,152",45.6%,"1,051,712",50.6%,12.0%,"1,203,723,060",372574550 ( 44.8% ),"126,625",34894 ( 38.0% ),"3,400,391,250","365,894",1
2026.2.7,"1,717",22.1%,"7,714",44.7%,"1,127,081",49.8%,29.0%,"3,145,705,860",1941982800 ( 161.3% ),"327,112",200487 ( 158.3% ),"6,546,097,110","693,006",1
2026.2.8,"1,724",22.4%,"7,292",44.3%,"1,053,723",49.1%,29.2%,"2,941,919,760",-203786100 ( -6.5% ),"308,083",-19029 ( -5.8% ),"9,488,016,870","1,001,089",1
2026.2.9,"1,530",23.9%,"6,494",45.8%,"964,995",50.9%,10.2%,"908,223,980",-2033695780 ( -69.1% ),"98,379",-209704 ( -68.1% ),"10,396,240,850","1,099,468",1
2026.2.10,"1,536",23.4%,"6,557",45.4%,"966,590",50.4%,9.9%,"878,997,090",-29226890 ( -3.2% ),"95,582",-2797 ( -2.8% ),"11,275,237,940","1,195,050",1
2026.2.11,"1,150",19.2%,"4,203",26.3%,"561,069",26.5%,15.5%,"811,327,260",-67669830 ( -7.7% ),"86,924",-8658 ( -9.1% ),"12,086,565,200","1,281,974",2
2026.2.12,"1,206",19.5%,"4,331",27.1%,"576,746",27.3%,14.5%,"775,585,340",-35741920 ( -4.4% ),"83,916",-3008 ( -3.5% ),"12,862,150,540","1,365,890",1
2026.2.13,"1,420",22.1%,"5,369",32.0%,"711,924",32.1%,18.8%,"1,295,622,220",520036880 ( 67.1% ),"133,573",49657 ( 59.2% ),"14,157,772,760","1,499,463",1
2026.2.14,"1,729",24.6%,"6,851",37.7%,"915,098",38.5%,39.1%,"3,489,757,500",2194135280 ( 169.3% ),"357,886",224313 ( 167.9% ),"17,647,530,260","1,857,349",1
2026.2.15,"1,836",25.9%,"7,248",39.8%,"966,451",40.5%,48.1%,"4,549,624,530",1059867030 ( 30.4% ),"465,254",107368 ( 30.0% ),"22,197,154,790","2,322,603",1
2026.2.16,"1,899",27.5%,"7,804",43.1%,"1,046,463",44.1%,51.3%,"5,301,151,370",751526840 ( 16.5% ),"537,175",71921 ( 15.5% ),"27,498,306,160","2,859,778",1
2026.2.17,"2,010",29.9%,"8,341",46.4%,"1,132,310",48.0%,58.4%,"6,574,650,470",1273499100 ( 24.0% ),"661,439",124264 ( 23.1% ),"34,072,956,630","3,521,217",1
2026.2.18,"2,017",27.8%,"8,045",45.4%,"1,087,738",47.2%,60.1%,"6,353,617,930",-221032540 ( -3.4% ),"653,634",-7805 ( -1.2% ),"40,426,574,560","4,174,851",1
2026.2.19,"1,607",25.1%,"6,521",42.1%,"922,676",45.5%,26.0%,"2,231,556,760",-4122061170 ( -64.9% ),"239,783",-413851 ( -63.3% ),"42,658,131,320","4,414,634",1
2026.2.20,"1,771",26.9%,"7,277",44.7%,"1,026,917",48.1%,25.8%,"2,586,365,530",354808770 ( 15.9% ),"264,713",24930 ( 10.4% ),"45,244,496,850","4,679,347",1
2026.2.21,"2,106",30.3%,"9,006",51.4%,"1,270,846",55.7%,45.7%,"5,691,833,080",3105467550 ( 120.1% ),"581,160",316447 ( 119.5% ),"50,936,329,930","5,260,507",1
2026.2.22,"2,142",31.0%,"8,689",51.8%,"1,216,331",55.8%,46.7%,"5,554,146,750",-137686330 ( -2.4% ),"568,288",-12872 ( -2.2% ),"56,490,476,680","5,828,795",1
2026.2.23,"1,756",29.6%,"7,273",50.0%,"1,047,129",54.5%,18.7%,"1,841,999,690",-3712147060 ( -66.8% ),"195,470",-372818 ( -65.6% ),"58,332,476,370","6,024,265",1
2026.2.24,"1,778",29.6%,"7,331",50.0%,"1,053,328",54.5%,18.5%,"1,827,069,870",-14929820 ( -0.8% ),"194,636",-834 ( -0.4% ),"60,159,546,240","6,218,901",1
2026.2.25,"1,937",30.2%,"7,497",49.7%,"1,079,070",54.6%,28.7%,"2,417,894,910",590825040 ( 32.3% ),"309,572",114936 ( 59.1% ),"62,577,441,150","6,528,473",1
2026.2.26,"1,803",28.7%,"7,335",49.5%,"1,060,940",54.5%,19.3%,"1,934,801,520",-483093390 ( -20.0% ),"204,929",-104643 ( -33.8% ),"64,512,242,670","6,733,402",1
2026.2.27,"1,932",28.5%,"8,039",51.1%,"1,163,349",56.3%,23.9%,"2,758,081,920",823280400 ( 42.6% ),"278,059",73130 ( 35.7% ),"67,270,324,590","7,011,461",1
2026.2.28,"2,165",30.8%,"9,758",56.3%,"1,401,444",61.8%,46.8%,"6,472,569,500",3714487580 ( 134.7% ),"655,719",377660 ( 135.8% ),"73,742,894,090","7,667,180",1
2026.3.1,"2,170",30.1%,"9,709",55.7%,"1,391,759",61.0%,58.7%,"8,012,476,100",1539906600 ( 23.8% ),"817,182",161463 ( 24.6% ),"81,755,370,190","8,484,362",1
2026.3.2,"2,150",30.9%,"9,321",56.3%,"1,333,367",61.7%,54.7%,"7,031,284,220",-981191880 ( -12.2% ),"728,915",-88267 ( -10.8% ),"88,786,654,410","9,213,277",1
2026.3.3,"1,800",31.1%,"7,489",55.4%,"1,075,351",59.9%,18.1%,"1,820,225,790",-5211058430 ( -74.1% ),"194,476",-534439 ( -73.3% ),"90,606,880,200","9,407,753",1
2026.3.4,"1,633",26.6%,"6,464",46.1%,"932,809",50.1%,20.3%,"1,768,402,810",-51822980 ( -2.8% ),"189,637",-4839 ( -2.5% ),"92,375,283,010","9,597,390",1
2026.3.5,"1,697",27.9%,"6,654",48.6%,"959,268",52.7%,18.8%,"1,676,046,780",-92356030 ( -5.2% ),"180,529",-9108 ( -4.8% ),"94,051,329,790","9,777,919",1
2026.3.6,"1,881",29.8%,"7,684",51.3%,"1,108,073",55.6%,24.5%,"2,659,703,920",983657140 ( 58.7% ),"271,738",91209 ( 50.5% ),"96,711,033,710","10,049,657",1
2026.3.7,"2,171",32.7%,"9,535",55.6%,"1,342,837",60.2%,56.2%,"7,435,162,890",4775458970 ( 179.5% ),"754,518",482780 ( 177.7% ),"104,146,196,600","10,804,175",1
2026.3.8,"2,187",33.5%,"9,211",56.0%,"1,290,659",60.3%,54.2%,"6,865,592,080",-569570810 ( -7.7% ),"699,459",-55059 ( -7.3% ),"111,011,788,680","11,503,634",1
2026.3.9,"1,816",33.3%,"7,356",56.6%,"1,041,325",60.0%,19.5%,"1,903,659,490",-4961932590 ( -72.3% ),"203,138",-496321 ( -71.0% ),"112,915,448,170","11,706,772",1
2026.3.10,"1,860",32.9%,"7,464",56.1%,"1,051,661",59.3%,16.8%,"1,649,354,860",-254304630 ( -13.4% ),"177,177",-25961 ( -12.8% ),"114,564,803,030","11,883,949",1
2026.3.11,"1,934",35.5%,"7,926",56.6%,"1,085,642",58.9%,15.8%,"1,589,208,240",-60146620 ( -3.6% ),"171,419",-5758 ( -3.2% ),"116,154,011,270","12,055,368",1
2026.3.12,"1,955",36.2%,"7,839",57.6%,"1,064,898",59.6%,14.9%,"1,475,728,440",-113479800 ( -7.1% ),"158,644",-12775 ( -7.5% ),"117,629,739,710","12,214,012",1
2026.3.13,"2,036",36.7%,"8,880",59.5%,"1,214,516",61.8%,18.2%,"2,180,344,160",704615720 ( 47.7% ),"221,367",62723 ( 39.5% ),"119,810,083,870","12,435,379",1
2026.3.14,"2,262",38.4%,"10,416",60.8%,"1,439,480",64.5%,38.5%,"5,491,509,500",3311165340 ( 151.9% ),"554,177",332810 ( 150.3% ),"125,301,593,370","12,989,556",1
2026.3.15,"2,223",38.7%,"9,908",60.7%,"1,364,794",64.3%,35.0%,"4,706,514,140",-784995360 ( -14.3% ),"478,133",-76044 ( -13.7% ),"130,008,107,510","13,467,689",1
2026.3.16,"1,946",39.1%,"8,102",62.1%,"1,127,912",64.8%,11.9%,"1,264,396,430",-3442117710 ( -73.1% ),"133,935",-344198 ( -72.0% ),"131,272,503,940","13,601,624",1
2026.3.17,"1,969",38.8%,"8,121",61.9%,"1,129,527",64.5%,10.7%,"1,132,734,240",-131662190 ( -10.4% ),"120,443",-13492 ( -10.1% ),"132,405,238,180","13,722,067",1
2026.3.18,"1,533",27.6%,"6,026",43.9%,"805,373",44.8%,15.4%,"1,153,768,800",21034560 ( 1.9% ),"124,102",3659 ( 3.0% ),"133,559,006,980","13,846,169",1
2026.3.19,"1,563",28.2%,"6,045",44.5%,"810,683",45.4%,13.2%,"1,002,153,910",-151614890 ( -13.1% ),"107,184",-16918 ( -13.6% ),"134,561,160,890","13,953,353",1
2026.3.20,"1,607",28.1%,"6,633",45.5%,"884,446",46.1%,16.7%,"1,461,726,280",459572370 ( 45.9% ),"147,734",40550 ( 37.8% ),"136,022,887,170","14,101,087",1
2026.3.21,"1,725",28.5%,"7,465",46.0%,"1,012,734",48.0%,34.2%,"3,442,266,110",1980539830 ( 135.5% ),"346,538",198804 ( 134.6% ),"139,465,153,280","14,447,625",1
2026.3.22,"1,714",28.4%,"7,133",45.9%,"961,434",47.7%,32.2%,"3,056,861,030",-385405080 ( -11.2% ),"309,383",-37155 ( -10.7% ),"142,522,014,310","14,757,008",1
2026.3.23,"1,516",29.9%,"6,055",47.9%,"807,875",48.1%,10.6%,"815,636,140",-2241224890 ( -73.3% ),"85,889",-223494 ( -72.2% ),"143,337,650,450","14,842,897",1
2026.3.24,"1,550",29.7%,"6,041",47.5%,"800,701",47.6%,9.8%,"733,675,220",-81960920 ( -10.0% ),"78,589",-7300 ( -8.5% ),"144,071,325,670","14,921,486",1
2026.3.25,"1,661",29.2%,"6,242",46.1%,"847,326",47.7%,13.0%,"869,025,260",135350040 ( 18.4% ),"110,068",31479 ( 40.1% ),"144,940,350,930","15,031,554",1
2026.3.26,"1,560",28.6%,"5,989",45.6%,"816,396",47.2%,8.9%,"678,163,370",-190861890 ( -22.0% ),"72,421",-37647 ( -34.2% ),"145,618,514,300","15,103,975",1
2026.3.27,"1,554",27.4%,"6,349",44.4%,"860,934",45.7%,11.4%,"969,179,640",291016270 ( 42.9% ),"98,161",25740 ( 35.5% ),"146,587,693,940","15,202,136",1
2026.3.28,"1,583",25.3%,"6,890",43.3%,"944,113",45.5%,23.9%,"2,250,771,510",1281591870 ( 132.2% ),"225,287",127126 ( 129.5% ),"148,838,465,450","15,427,423",1
2026.3.29,"1,578",25.4%,"6,530",42.8%,"895,102",45.1%,21.1%,"1,869,643,080",-381128430 ( -16.9% ),"188,432",-36855 ( -16.4% ),"150,708,108,530","15,615,855",1
2026.3.30,"1,451",27.9%,"5,578",44.8%,"751,937",45.4%,8.1%,"568,106,470",-1301536610 ( -69.6% ),"60,583",-127849 ( -67.8% ),"151,276,215,000","15,676,438",1
2026.3.31,"1,464",27.6%,"5,574",44.5%,"753,413",45.2%,7.3%,"513,638,460",-54468010 ( -9.6% ),"55,373",-5210 ( -8.6% ),"151,789,853,460","15,731,811",1
2026.4.1,"1,408",27.2%,"5,158",41.0%,"688,108",41.2%,7.3%,"470,692,610",-42945850 ( -8.4% ),"50,276",-5097 ( -9.2% ),"152,260,546,070","15,782,087",1
2026.4.2,"1,340",24.7%,"4,614",36.7%,"622,401",37.4%,6.3%,"367,575,210",-103117400 ( -21.9% ),"39,303",-10973 ( -21.8% ),"152,628,121,280","15,821,390",1
2026.4.3,"1,370",23.5%,"4,922",36.4%,"663,359",37.1%,7.8%,"514,559,310",146984100 ( 40.0% ),"52,071",12768 ( 32.5% ),"153,142,680,590","15,873,461",2
2026.4.4,"1,392",20.5%,"5,417",34.7%,"745,440",36.7%,16.6%,"1,240,513,800",725954490 ( 141.1% ),"123,797",71726 ( 137.7% ),"154,383,194,390","15,997,258",2
2026.4.5,"1,353",20.3%,"5,104",34.5%,"699,550",36.3%,13.5%,"947,523,480",-292990320 ( -23.6% ),"94,406",-29391 ( -23.7% ),"155,330,717,870","16,091,664",2
2026.4.6,"1,235",23.5%,"4,317",36.8%,"571,788",36.4%,6.6%,"358,630,150",-588893330 ( -62.2% ),"37,815",-56591 ( -59.9% ),"155,689,348,020","16,129,479",1
2026.4.7,"1,263",23.8%,"4,151",36.0%,"552,706",35.9%,5.8%,"297,606,260",-61023890 ( -17.0% ),"32,132",-5683 ( -15.0% ),"155,986,954,280","16,161,611",1
2026.4.8,"1,040",18.1%,"3,203",24.0%,"396,313",22.4%,6.9%,"255,872,660",-41733600 ( -14.0% ),"27,524",-4608 ( -14.3% ),"156,242,826,940","16,189,135",3
2026.4.9,"1,062",18.5%,"3,241",24.2%,"396,831",22.5%,8.3%,"302,668,130",46795470 ( 18.3% ),"32,842",5318 ( 19.3% ),"156,545,495,070","16,221,977",3
2026.4.10,"1,050",17.7%,"3,371",23.2%,"409,153",21.4%,9.4%,"380,872,970",78204840 ( 25.8% ),"38,623",5781 ( 17.6% ),"156,926,368,040","16,260,600",3
2026.4.11,"1,052",16.2%,"3,416",21.1%,"415,775",19.8%,17.0%,"713,738,900",332865930 ( 87.4% ),"70,653",32030 ( 82.9% ),"157,640,106,940","16,331,253",3
2026.4.12,"1,019",16.0%,"3,253",20.7%,"394,119",19.3%,16.7%,"658,868,480",-54870420 ( -7.7% ),"65,969",-4684 ( -6.6% ),"158,298,975,420","16,397,222",3
2026.4.13,926,17.9%,"2,865",22.6%,"339,706",20.2%,7.0%,"224,412,330",-434456150 ( -65.9% ),"23,806",-42163 ( -63.9% ),"158,523,387,750","16,421,028",2
2026.4.14,957,18.1%,"2,823",22.4%,"334,271",19.9%,7.1%,"215,149,460",-9262870 ( -4.1% ),"23,854",48 ( 0.2% ),"158,738,537,210","16,444,882",2
2026.4.15,777,13.3%,"2,047",15.0%,"237,025",13.2%,8.6%,"184,510,230",-30639230 ( -14.2% ),"20,422",-3432 ( -14.4% ),"158,923,047,440","16,465,304",3
2026.4.16,769,13.1%,"2,011",14.9%,"236,709",13.3%,8.1%,"170,766,100",-13744130 ( -7.4% ),"19,251",-1171 ( -5.7% ),"159,093,813,540","16,484,555",2
2026.4.17,771,11.9%,"2,073",14.1%,"239,659",12.3%,10.0%,"231,546,470",60780370 ( 35.6% ),"23,919",4668 ( 24.2% ),"159,325,360,010","16,508,474",3
2026.4.18,807,11.4%,"2,200",13.3%,"252,241",11.7%,17.4%,"445,427,830",213881360 ( 92.4% ),"43,814",19895 ( 83.2% ),"159,770,787,840","16,552,288",3
2026.4.19,812,11.7%,"2,106",13.2%,"241,861",11.6%,15.4%,"373,704,980",-71722850 ( -16.1% ),"37,222",-6592 ( -15.0% ),"160,144,492,820","16,589,510",3
2026.4.20,700,12.6%,"1,779",14.2%,"201,871",12.0%,7.1%,"133,738,030",-239966950 ( -64.2% ),"14,322",-22900 ( -61.5% ),"160,278,230,850","16,603,832",3
2026.4.21,706,12.3%,"1,752",14.0%,"198,175",11.9%,6.9%,"125,060,270",-8677760 ( -6.5% ),"13,628",-694 ( -4.8% ),"160,403,291,120","16,617,460",3
2026.4.22,611,9.7%,"1,333",9.4%,"149,318",8.0%,7.3%,"102,077,760",-22982510 ( -18.4% ),"10,893",-2735 ( -20.1% ),"160,505,368,880","16,628,353",5
2026.4.23,642,10.0%,"1,346",9.6%,"148,843",8.0%,7.6%,"103,385,170",1307410 ( 1.3% ),"11,285",392 ( 3.6% ),"160,608,754,050","16,639,638",5
2026.4.24,663,10.1%,"1,443",9.5%,"163,668",8.2%,9.0%,"142,824,230",39439060 ( 38.1% ),"14,695",3410 ( 30.2% ),"160,751,578,280","16,654,333",5
2026.4.25,687,9.5%,"1,644",9.6%,"188,908",8.4%,14.5%,"279,696,810",136872580 ( 95.8% ),"27,383",12688 ( 86.3% ),"161,031,275,090","16,681,716",5
2026.4.26,674,9.4%,"1,576",9.6%,"180,962",8.5%,13.9%,"254,317,380",-25379430 ( -9.1% ),"25,080",-2303 ( -8.4% ),"161,285,592,470","16,706,796",5
2026.4.27,599,10.4%,"1,323",10.0%,"150,436",8.5%,6.7%,"97,179,210",-157138170 ( -61.8% ),"10,114",-14966 ( -59.7% ),"161,382,771,680","16,716,910",4
2026.4.28,614,10.4%,"1,343",10.0%,"153,141",8.6%,7.6%,"108,013,420",10834210 ( 11.1% ),"11,671",1557 ( 15.4% ),"161,490,785,100","16,728,581",4
2026.4.29,245,4.0%,331,2.1%,"35,557",1.7%,16.4%,"48,142,500",-59870920 ( -55.4% ),"5,848",-5823 ( -49.9% ),"161,538,927,600","16,734,429",7
2026.4.30,271,4.3%,370,2.3%,"39,111",1.8%,17.0%,"60,838,460",12695960 ( 26.4% ),"6,652",804 ( 13.7% ),"161,599,766,060","16,741,081",7
2026.5.1,252,3.6%,322,1.7%,"32,266",1.3%,37.6%,"119,421,970",58583510 ( 96.3% ),"12,119",5467 ( 82.2% ),"161,719,188,030","16,753,200",7
2026.5.2,290,4.1%,378,2.0%,"40,234",1.7%,28.8%,"115,444,720",-3977250 ( -3.3% ),"11,581",-538 ( -4.4% ),"161,834,632,750","16,764,781",6
2026.5.3,322,4.5%,416,2.3%,"45,497",1.9%,32.4%,"145,790,330",30345610 ( 26.3% ),"14,719",3138 ( 27.1% ),"161,980,423,080","16,779,500",6
2026.5.4,325,4.8%,437,2.5%,"48,365",2.1%,22.2%,"99,629,370",-46160960 ( -31.7% ),"10,724",-3995 ( -27.1% ),"162,080,052,450","16,790,224",6
2026.5.5,350,5.0%,455,2.6%,"50,371",2.2%,26.4%,"131,301,150",31671780 ( 31.8% ),"13,309",2585 ( 24.1% ),"162,211,353,600","16,803,533",6
2026.5.6,324,5.6%,438,3.4%,"49,859",2.9%,6.6%,"30,149,800",-101151350 ( -77.0% ),"3,299",-10010 ( -75.2% ),"162,241,503,400","16,806,832",6
2026.5.7,361,6.1%,494,3.9%,"57,074",3.4%,6.9%,"34,783,450",4633650 ( 15.4% ),"3,922",623 ( 18.9% ),"162,276,286,850","16,810,754",7
2026.5.8,424,6.9%,598,4.3%,"67,691",3.6%,8.6%,"54,004,050",19220600 ( 55.3% ),"5,823",1901 ( 48.5% ),"162,330,290,900","16,816,577",6
2026.5.9,400,5.8%,596,3.4%,"67,418",2.9%,12.8%,"87,749,830",33745780 ( 62.5% ),"8,658",2835 ( 48.7% ),"162,418,040,730","16,825,235",6
2026.5.10,385,5.7%,566,3.4%,"63,368",2.9%,13.1%,"83,398,400",-4351430 ( -5.0% ),"8,286",-372 ( -4.3% ),"162,501,439,130","16,833,521",6
2026.5.11,372,7.0%,555,4.7%,"63,242",4.0%,5.4%,"31,877,200",-51521200 ( -61.8% ),"3,446",-4840 ( -58.4% ),"162,533,316,330","16,836,967",6
2026.5.12,398,7.3%,592,5.0%,"67,717",4.3%,7.2%,"42,324,220",10447020 ( 32.8% ),"4,875",1429 ( 41.5% ),"162,575,640,550","16,841,842",5
2026.5.13,266,4.2%,335,2.3%,"36,905",1.9%,12.5%,"37,597,000",-4727220 ( -11.2% ),"4,625",-250 ( -5.1% ),"162,613,237,550","16,846,467",6
2026.5.14,261,4.2%,326,2.3%,"35,155",1.9%,10.6%,"33,632,950",-3964050 ( -10.5% ),"3,739",-886 ( -19.2% ),"162,646,870,500","16,850,206",6
2026.5.15,276,4.3%,346,2.3%,"38,883",1.9%,10.7%,"39,141,120",5508170 ( 16.4% ),"4,155",416 ( 11.1% ),"162,686,011,620","16,854,361",6
2026.5.16,249,3.6%,328,1.9%,"34,581",1.5%,13.5%,"49,144,000",10002880 ( 25.6% ),"4,664",509 ( 12.3% ),"162,735,155,620","16,859,025",9
2026.5.17,252,3.7%,330,2.0%,"35,670",1.7%,13.6%,"50,713,170",1569170 ( 3.2% ),"4,854",190 ( 4.1% ),"162,785,868,790","16,863,879",7
2026.5.18,261,4.6%,348,2.8%,"37,774",2.2%,6.4%,"22,702,700",-28010470 ( -55.2% ),"2,426",-2428 ( -50.0% ),"162,808,571,490","16,866,305",7
2026.5.19,261,4.6%,353,2.8%,"38,647",2.3%,7.8%,"26,663,250",3960550 ( 17.4% ),"3,014",588 ( 24.2% ),"162,835,234,740","16,869,319",6
2026.5.20,251,4.3%,344,2.6%,"37,349",2.1%,9.4%,"31,056,600",4393350 ( 16.5% ),"3,521",507 ( 16.8% ),"162,866,291,340","16,872,840",9
2026.5.21,137,2.5%,161,1.1%,"17,161",0.9%,13.6%,"18,803,950",-12252650 ( -39.5% ),"2,334",-1187 ( -33.7% ),"162,885,095,290","16,875,174",10
2026.5.22,129,2.3%,150,1.0%,"15,910",0.8%,9.4%,"14,060,700",-4743250 ( -25.2% ),"1,500",-834 ( -35.7% ),"162,899,155,990","16,876,674",10
2026.5.23,116,1.8%,144,0.9%,"14,618",0.7%,12.5%,"18,883,410",4822710 ( 34.3% ),"1,820",320 ( 21.3% ),"162,918,039,400","16,878,494",11
2026.5.24,124,1.9%,150,0.9%,"15,072",0.7%,16.6%,"25,936,600",7053190 ( 37.4% ),"2,503",683 ( 37.5% ),"162,943,976,000","16,880,997",11
2026.5.25,117,1.9%,144,0.9%,"14,933",0.7%,18.8%,"27,949,860",2013260 ( 7.8% ),"2,802",299 ( 11.9% ),"162,971,925,860","16,883,799",10
2026.5.26,134,2.6%,152,1.1%,"15,791",0.8%,7.5%,"10,669,250",-17280610 ( -61.8% ),"1,181",-1621 ( -57.9% ),"162,982,595,110","16,884,980",9
2026.5.27,65,1.1%,72,0.5%,"7,654",0.4%,11.4%,"7,452,500",-3216750 ( -30.1% ),869,-312 ( -26.4% ),"162,990,047,610","16,885,849",15
2026.5.28,66,1.1%,70,0.5%,"6,898",0.4%,12.4%,"6,831,500",-621000 ( -8.3% ),854,-15 ( -1.7% ),"162,996,879,110","16,886,703",16
2026.5.29,63,1.0%,66,0.4%,"6,781",0.3%,16.9%,"9,607,850",2776350 ( 40.6% ),"1,143",289 ( 33.8% ),"163,006,486,960","16,887,846",14
2026.5.30,41,0.6%,44,0.3%,"4,109",0.2%,11.5%,"4,574,620",-5033230 ( -52.4% ),474,-669 ( -58.5% ),"163,011,061,580","16,888,320",24
2026.5.31,44,0.6%,46,0.3%,"4,332",0.2%,16.9%,"6,860,950",2286330 ( 50.0% ),734,260 ( 54.9% ),"163,017,922,530","16,889,054",20
2026.6.1,53,0.9%,60,0.4%,"6,170",0.3%,14.5%,"6,944,200",83250 ( 1.2% ),893,159 ( 21.7% ),"163,024,866,730","16,889,947",10
2026.6.2,58,1.0%,69,0.5%,"7,089",0.4%,16.8%,"9,564,150",2619950 ( 37.7% ),"1,191",298 ( 33.4% ),"163,034,430,880","16,891,138",10
2026.6.3,29,0.4%,31,0.2%,"2,729",0.1%,16.8%,"4,045,700",-5518450 ( -57.7% ),458,-733 ( -61.5% ),"163,038,476,580","16,891,596",25
2026.6.4,37,0.6%,37,0.2%,"3,019",0.2%,9.5%,"2,367,750",-1677950 ( -41.5% ),287,-171 ( -37.3% ),"163,040,844,330","16,891,883",25
2026.6.5,30,0.5%,30,0.2%,"2,369",0.1%,6.5%,"1,390,050",-977700 ( -41.3% ),153,-134 ( -46.7% ),"163,042,234,380","16,892,036",35
2026.6.6,26,0.4%,26,0.1%,"2,130",0.1%,12.9%,"2,727,400",1337350 ( 96.2% ),275,122 ( 79.7% ),"163,044,961,780","16,892,311",30
2026.6.7,29,0.4%,29,0.2%,"2,358",0.1%,10.1%,"2,265,100",-462300 ( -17.0% ),239,-36 ( -13.1% ),"163,047,226,880","16,892,550",30
2026.6.8,31,0.6%,31,0.2%,"2,388",0.1%,17.5%,"2,834,500",569400 ( 25.1% ),418,179 ( 74.9% ),"163,050,061,380","16,892,968",13
2026.6.9,37,0.7%,37,0.3%,"3,061",0.2%,27.3%,"6,194,200",3359700 ( 118.5% ),835,417 ( 99.8% ),"163,056,255,580","16,893,803",12
2026.6.10,28,0.5%,29,0.2%,"2,801",0.1%,24.9%,"5,154,200",-1040000 ( -16.8% ),698,-137 ( -16.4% ),"163,061,409,780","16,894,501",19
2026.6.11,27,0.4%,28,0.2%,"2,480",0.1%,23.5%,"4,494,800",-659400 ( -12.8% ),582,-116 ( -16.6% ),"163,065,904,580","16,895,083",22
2026.6.12,27,0.4%,29,0.2%,"2,990",0.2%,26.3%,"5,692,050",1197250 ( 26.6% ),785,203 ( 34.9% ),"163,071,596,630","16,895,868",12
2026.6.13,21,0.3%,21,0.1%,"1,629",0.1%,9.5%,"1,191,150",-4500900 ( -79.1% ),155,-630 ( -80.3% ),"163,072,787,780","16,896,023",39
2026.6.14,28,0.4%,28,0.2%,"2,183",0.1%,9.0%,"1,612,900",421750 ( 35.4% ),196,41 ( 26.5% ),"163,074,400,680","16,896,219",37
2026.6.15,25,0.5%,25,0.2%,"2,716",0.2%,26.2%,"4,849,600",3236700 ( 200.7% ),711,515 ( 262.8% ),"163,079,250,280","16,896,930",12
2026.6.16,26,0.5%,27,0.2%,"2,689",0.2%,19.7%,"3,615,500",-1234100 ( -25.4% ),529,-182 ( -25.6% ),"163,082,865,780","16,897,459",15
2026.6.17,24,0.4%,24,0.2%,"2,692",0.1%,45.2%,"8,451,200",4835700 ( 133.7% ),"1,217",688 ( 130.1% ),"163,091,316,980","16,898,676",13
2026.6.18,32,0.5%,35,0.2%,"4,017",0.2%,36.0%,"10,101,500",1650300 ( 19.5% ),"1,448",231 ( 19.0% ),"163,101,418,480","16,900,124",12
2026.6.19,21,0.3%,25,0.2%,"2,457",0.1%,19.1%,"3,510,510",-6590990 ( -65.2% ),470,-978 ( -67.5% ),"163,104,928,990","16,900,594",16
2026.6.20,25,0.4%,26,0.1%,"2,351",0.1%,5.9%,"1,258,550",-2251960 ( -64.1% ),138,-332 ( -70.6% ),"163,106,187,540","16,900,732",47
2026.6.21,24,0.4%,25,0.1%,"2,280",0.1%,6.6%,"1,367,100",108550 ( 8.6% ),151,13 ( 9.4% ),"163,107,554,640","16,900,883",46
2026.6.22,27,0.5%,29,0.2%,"2,834",0.2%,15.5%,"3,221,000",1853900 ( 135.6% ),440,289 ( 191.4% ),"163,110,775,640","16,901,323",16
2026.6.23,28,0.5%,30,0.2%,"2,907",0.2%,15.5%,"3,378,100",157100 ( 4.9% ),451,11 ( 2.5% ),"163,114,153,740","16,901,774",18
2026.6.24,24,0.4%,25,0.2%,"2,489",0.1%,32.1%,"5,727,500",2349400 ( 69.5% ),800,349 ( 77.4% ),"163,119,881,240","16,902,574",15
2026.6.25,23,0.4%,23,0.2%,"1,733",0.1%,11.8%,"1,893,350",-3834150 ( -66.9% ),204,-596 ( -74.5% ),"163,121,774,590","16,902,778",29
2026.6.26,29,0.5%,29,0.2%,"3,316",0.2%,48.2%,"11,933,600",10040250 ( 530.3% ),"1,597",1393 ( 682.8% ),"163,133,708,190","16,904,375",10
2026.6.27,24,0.3%,24,0.1%,"2,334",0.1%,12.0%,"2,750,050",-9183550 ( -77.0% ),279,-1318 ( -82.5% ),"163,136,458,240","16,904,654",31
2026.6.28,18,0.3%,18,0.1%,"1,685",0.1%,5.5%,"905,400",-1844650 ( -67.1% ),92,-187 ( -67.0% ),"163,137,363,640","16,904,746",50
2026.6.29,32,0.6%,32,0.2%,"3,459",0.2%,34.8%,"8,472,500",7567100 ( 835.8% ),"1,203",1111 ( 1207.6% ),"163,145,836,140","16,905,949",7
2026.6.30,29,0.5%,29,0.2%,"2,443",0.1%,18.0%,"2,946,000",-5526500 ( -65.2% ),439,-764 ( -63.5% ),"163,148,782,140","16,906,388",22
2026.7.1,25,0.4%,25,0.2%,"2,166",0.1%,13.4%,"2,142,500",-803500 ( -27.3% ),290,-149 ( -33.9% ),"163,150,924,640","16,906,678",27
2026.7.2,26,0.4%,27,0.2%,"2,233",0.1%,7.1%,"1,179,000",-963500 ( -45.0% ),159,-131 ( -45.2% ),"163,152,103,640","16,906,837",35
2026.7.3,26,0.4%,27,0.2%,"2,402",0.1%,12.4%,"2,005,000",826000 ( 70.1% ),297,138 ( 86.8% ),"163,154,108,640","16,907,134",32
2026.7.4,22,0.3%,22,0.1%,"1,793",0.1%,3.9%,"622,900",-1382100 ( -68.9% ),70,-227 ( -76.4% ),"163,154,731,540","16,907,204",71
2026.7.5,22,0.3%,26,0.2%,"2,068",0.1%,12.4%,"2,124,500",1501600 ( 241.1% ),257,187 ( 267.1% ),"163,156,856,040","16,907,461",34
2026.7.6,27,0.5%,28,0.2%,"2,432",0.1%,10.9%,"1,993,600",-130900 ( -6.2% ),264,7 ( 2.7% ),"163,158,849,640","16,907,725",25
2026.7.7,27,0.4%,31,0.2%,"3,126",0.2%,35.6%,"7,813,200",5819600 ( 291.9% ),"1,114",850 ( 322.0% ),"163,166,662,840","16,908,839",11
2026.7.8,14,0.2%,16,0.1%,"1,169",0.1%,57.7%,"4,592,000",-3221200 ( -41.2% ),674,-440 ( -39.5% ),"163,171,254,840","16,909,513",17
2026.7.9,14,0.2%,16,0.1%,"1,308",0.1%,69.4%,"6,239,000",1647000 ( 35.9% ),908,234 ( 34.7% ),"163,177,493,840","16,910,421",13
2026.7.10,10,0.2%,12,0.1%,699,0.0%,53.9%,"2,573,000",-3666000 ( -58.8% ),377,-531 ( -58.5% ),"163,180,066,840","16,910,798",25
2026.7.11,5,0.1%,5,0.0%,438,0.0%,43.4%,"1,181,000",-1392000 ( -54.1% ),190,-187 ( -49.6% ),"163,181,247,840","16,910,988",40
2026.7.12,3,0.0%,3,0.0%,198,0.0%,12.6%,"185,000",-996000 ( -84.3% ),25,-165 ( -86.8% ),"163,181,432,840","16,911,013",75
2026.7.13,7,0.1%,7,0.1%,420,0.0%,24.0%,"630,000",445000 ( 240.5% ),101,76 ( 304.0% ),"163,182,062,840","16,911,114",35
2026.7.14,11,0.2%,13,0.1%,"1,032",0.1%,44.2%,"3,015,000",2385000 ( 378.6% ),456,355 ( 351.5% ),"163,185,077,840","16,911,570",17
2026.7.15,9,0.1%,10,0.1%,692,0.0%,62.6%,"2,796,000",-219000 ( -7.3% ),433,-23 ( -5.0% ),"163,187,873,840","16,912,003",17
2026.7.16,14,0.2%,14,0.1%,"1,082",0.1%,61.2%,"4,391,500",1595500 ( 57.1% ),662,229 ( 52.9% ),"163,192,265,340","16,912,665",9
2026.7.17,3,0.0%,3,0.0%,189,0.0%,19.0%,"281,000",-4110500 ( -93.6% ),36,-626 ( -94.6% ),"163,192,546,340","16,912,701",64
2026.7.18,2,0.0%,2,0.0%,146,0.0%,7.5%,"75,000",-206000 ( -73.3% ),11,-25 ( -69.4% ),"163,192,621,340","16,912,712",100
2026.7.19,2,0.0%,2,0.0%,146,0.0%,8.9%,"98,000",23000 ( 30.7% ),13,2 ( 18.2% ),"163,192,719,340","16,912,725",87
2026.7.20,2,0.0%,2,0.0%,146,0.0%,6.2%,"75,000",-23000 ( -23.5% ),9,-4 ( -30.8% ),"163,192,794,340","16,912,734",72
2026.7.21,5,0.1%,5,0.0%,332,0.0%,45.2%,"871,000",796000 ( 1061.3% ),150,141 ( 1566.7% ),"163,193,665,340","16,912,884",27
2026.7.22,7,0.1%,7,0.0%,678,0.0%,67.7%,"2,846,000",1975000 ( 226.8% ),459,309 ( 206.0% ),"163,196,511,340","16,913,343",14
2026.7.23,7,0.1%,7,0.0%,752,0.0%,69.5%,"2,995,000",149000 ( 5.2% ),523,64 ( 13.9% ),"163,199,506,340","16,913,866",13
2026.7.24,7,0.1%,7,0.0%,822,0.0%,65.1%,"3,341,000",346000 ( 11.6% ),535,12 ( 2.3% ),"163,202,847,340","16,914,401",12
2026.7.25,3,0.0%,3,0.0%,276,0.0%,55.4%,"936,500",-2404500 ( -72.0% ),153,-382 ( -71.4% ),"163,203,783,840","16,914,554",30
2026.7.26,2,0.0%,2,0.0%,130,0.0%,6.9%,"59,000",-877500 ( -93.7% ),9,-144 ( -94.1% ),"163,203,842,840","16,914,563",84
2026.7.27,3,0.0%,3,0.0%,449,0.0%,47.2%,"1,488,000",1429000 ( 2422.0% ),212,203 ( 2255.6% ),"163,205,330,840","16,914,775",21
2026.7.28,6,0.1%,6,0.0%,869,0.0%,57.7%,"3,369,000",1881000 ( 126.4% ),501,289 ( 136.3% ),"163,208,699,840","16,915,276",15
2026.7.29,12,0.2%,12,0.1%,"1,424",0.1%,70.5%,"6,874,000",3505000 ( 104.0% ),"1,004",503 ( 100.4% ),"163,215,573,840","16,916,280",10
2026.7.30,5,0.1%,5,0.0%,496,0.0%,52.6%,"1,689,000",-5185000 ( -75.4% ),261,-743 ( -74.0% ),"163,217,262,840","16,916,541",16
2026.7.31,7,0.1%,7,0.0%,910,0.0%,84.0%,"5,372,500",3683500 ( 218.1% ),764,503 ( 192.7% ),"163,222,635,340","16,917,305",11
2026.8.1,1,0.0%,1,0.0%,36,0.0%,11.1%,"24,000",-5348500 ( -99.6% ),4,-760 ( -99.5% ),"163,222,659,340","16,917,309",102
2026.8.2,1,0.0%,1,0.0%,36,0.0%,22.2%,"52,000",28000 ( 116.7% ),8,4 ( 100.0% ),"163,222,711,340","16,917,317",78
2026.8.3,2,0.0%,2,0.0%,147,0.0%,14.3%,"174,000",122000 ( 234.6% ),21,13 ( 162.5% ),"163,222,885,340","16,917,338",54
2026.8.4,3,0.1%,3,0.0%,184,0.0%,26.1%,"306,000",132000 ( 75.9% ),48,27 ( 128.6% ),"163,223,191,340","16,917,386",47
2026.8.5,4,0.1%,4,0.0%,274,0.0%,46.4%,"1,367,000",1061000 ( 346.7% ),127,79 ( 164.6% ),"163,224,558,340","16,917,513",26
2026.8.6,6,0.1%,6,0.0%,686,0.0%,55.0%,"3,049,000",1682000 ( 123.0% ),377,250 ( 196.9% ),"163,227,607,340","16,917,890",13
2026.8.7,1,0.0%,1,0.0%,36,0.0%,19.4%,"43,000",-3006000 ( -98.6% ),7,-370 ( -98.1% ),"163,227,650,340","16,917,897",78
2026.8.8,2,0.0%,2,0.0%,176,0.0%,85.8%,"919,000",876000 ( 2037.2% ),151,144 ( 2057.1% ),"163,228,569,340","16,918,048",24
2026.8.9,2,0.0%,2,0.0%,146,0.0%,7.5%,"77,000",-842000 ( -91.6% ),11,-140 ( -92.7% ),"163,228,646,340","16,918,059",79
2026.8.10,2,0.0%,2,0.0%,130,0.0%,7.7%,"59,500",-17500 ( -22.7% ),10,-1 ( -9.1% ),"163,228,705,840","16,918,069",65
2026.8.11,3,0.1%,3,0.0%,167,0.0%,25.1%,"251,000",191500 ( 321.8% ),42,32 ( 320.0% ),"163,228,956,840","16,918,111",46
2026.8.12,2,0.0%,2,0.0%,135,0.0%,75.6%,"619,000",368000 ( 146.6% ),102,60 ( 142.9% ),"163,229,575,840","16,918,213",29
2026.8.13,6,0.1%,6,0.0%,533,0.0%,90.8%,"3,300,000",2681000 ( 433.1% ),484,382 ( 374.5% ),"163,232,875,840","16,918,697",16
2026.8.14,4,0.1%,4,0.0%,341,0.0%,85.6%,"2,003,000",-1297000 ( -39.3% ),292,-192 ( -39.7% ),"163,234,878,840","16,918,989",22
2026.8.18,2,0.0%,2,0.0%,131,0.0%,76.3%,"670,000",670000 ( 100.0% ),100,100 ( 100.0% ),"163,235,548,840","16,919,089",29
2026.8.19,1,0.0%,1,0.0%,110,0.0%,4.5%,"49,000",-621000 ( -92.7% ),5,-95 ( -95.0% ),"163,235,597,840","16,919,094",96
2026.8.20,2,0.0%,2,0.0%,165,0.0%,36.4%,"418,000",369000 ( 753.1% ),60,55 ( 1100.0% ),"163,236,015,840","16,919,154",53
2026.8.21,6,0.1%,6,0.0%,818,0.0%,78.1%,"4,113,000",3695000 ( 884.0% ),639,579 ( 965.0% ),"163,240,128,840","16,919,793",16
2026.8.22,1,0.0%,1,0.0%,111,0.0%,5.4%,"53,100",-4059900 ( -98.7% ),6,-633 ( -99.1% ),"163,240,181,940","16,919,799",118
2026.8.23,1,0.0%,1,0.0%,111,0.0%,3.6%,"26,000",-27100 ( -51.0% ),4,-2 ( -33.3% ),"163,240,207,940","16,919,803",109
2026.8.24,2,0.0%,2,0.0%,257,0.0%,56.4%,"888,000",862000 ( 3315.4% ),145,141 ( 3525.0% ),"163,241,095,940","16,919,948",25
2026.8.25,6,0.1%,10,0.1%,"1,025",0.1%,42.9%,"4,744,000",3856000 ( 434.2% ),440,295 ( 203.4% ),"163,245,839,940","16,920,388",15
2026.8.26,7,0.1%,7,0.0%,572,0.0%,62.1%,"3,071,000",-1673000 ( -35.3% ),355,-85 ( -19.3% ),"163,248,910,940","16,920,743",28
2026.8.27,6,0.1%,6,0.0%,496,0.0%,63.5%,"2,105,000",-966000 ( -31.5% ),315,-40 ( -11.3% ),"163,251,015,940","16,921,058",28
2026.8.28,2,0.0%,2,0.0%,166,0.0%,36.7%,"438,000",-1667000 ( -79.2% ),61,-254 ( -80.6% ),"163,251,453,940","16,921,119",49
2026.8.30,2,0.0%,2,0.0%,280,0.0%,99.3%,"3,332,000",3332000 ( 100.0% ),278,278 ( 100.0% ),"163,254,785,940","16,921,397",33
2026.9.1,2,0.0%,2,0.0%,240,0.0%,42.5%,"714,000",714000 ( 100.0% ),102,102 ( 100.0% ),"163,255,499,940","16,921,499",36
2026.9.2,3,0.0%,3,0.0%,316,0.0%,42.7%,"923,000",209000 ( 29.3% ),135,33 ( 32.4% ),"163,256,422,940","16,921,634",39
2026.9.3,5,0.1%,5,0.0%,481,0.0%,61.3%,"1,927,000",1004000 ( 108.8% ),295,160 ( 118.5% ),"163,258,349,940","16,921,929",24
2026.9.4,4,0.1%,4,0.0%,390,0.0%,65.9%,"1,651,000",-276000 ( -14.3% ),257,-38 ( -12.9% ),"163,260,000,940","16,922,186",26
2026.9.5,1,0.0%,1,0.0%,146,0.0%,100.0%,"876,000",-775000 ( -46.9% ),146,-111 ( -43.2% ),"163,260,876,940","16,922,332",45